<?xml version="1.0" encoding="UTF-8"?>
<!DOCTYPE hibernate-configuration PUBLIC "-//Hibernate/Hibernate Configuration DTD 3.0//EN" "http://hibernate.sourceforge.net/hibernate-configuration-3.0.dtd">
<hibernate-configuration>
  <session-factory>
    <property name="hibernate.dialect">org.hibernate.dialect.MySQLDialect</property>
    <property name="hibernate.connection.driver_class">com.mysql.jdbc.Driver</property>
    <property name="hibernate.connection.url">jdbc:mysql://localhost:3306/hibernate</property>
    <property name="hibernate.connection.username">root</property>
    <property name="hibernate.current_session_context_class">thread</property>
    <property name="connection.pool_size">1</property>

        <!-- SQL dialect -->
        <property name="dialect">org.hibernate.dialect.HSQLDialect</property>
       <!-- Echo all executed SQL to stdout -->
        <property name="show_sql">true</property>
    <mapping resource="user.hbm.xml"/>  
  </session-factory>
</hibernate-configuration>
