<?xml version='1.0' encoding='UTF-8'?>
<!DOCTYPE hibernate-mapping PUBLIC
          "-//Hibernate/Hibernate Mapping DTD 3.0//EN"
          "http://hibernate.sourceforge.net/hibernate-mapping-3.0.dtd">

          <hibernate-mapping>
          <class name="com.javatpoint.mypack.User" table="user">
          <id name="id">
          <generator class="increment"></generator>
          </id>
          <property name="name"></property>
          <property name="password"></property>
          <property name="email"></property>
          <property name="mobile"></property>
          </class>
          

          </hibernate-mapping>